Sender,Subject,Date,Snippet,Message_body
Manipal ProLearn <noreply@laptuinvite.com>,Master concepts of MS Excel with Financial Modelling in Excel program,2018-03-02,If you are unableto viewthis mailer Clickhere To stop receiving these emails please clickhere to unsubscribe.,
Reliance Mutual Fund <noreply@laptuinvite.com>,Start your journey towards wealth creation,2018-03-01,If you are unableto viewthis mailer Clickhere To stop receiving these emails please clickhere to unsubscribe.,
Life Insurance <noreply@laptuinvite.com>,Get 1cr Life Cover at only Rs.381/- month,2018-02-28,Crisis does not come with a warning Save Upto 50% on Life Insurance Give your family a life cover of 1crore at Rs.381 per month. Click here to Know More » To stop receiving these emails please,
QuadLabs <contact@aadityadeshpandeasmi.triviamail.in>,Software Developer-Dotnet  [JOB-ID:32768],2018-02-27,Apply Fresher Hiring For Software Developer-Dotnet @ &quot;QuadLabs&quot; in Gurgaon About Company Name: QuadLabs Job Details: Education: Any Graduate Experience: 3 - 5 Years Job Location: Gurgaon Job,
Match Making <noreply@laptuinvite.com>,Every great love story begins here,2018-02-28,"Hi, Love does not need a reason. Pure Love will come from the heart without reason and it&#39;ll stay every season. We at Shaadi.com will help you find the Love that stays with you throughout your life",
Future GeneraliLife <noreply@laptuinvite.com>,Save Tax with FutureGenerali Flexi online term plan.,2018-02-27,If you are unableto viewthis mailer Clickhere Get 1Cr Life Cover @ Rs.14 per Day* Increase Income Protection by 10% every year till you would have turned 60years of age or 10years whichever is higher,
KoTAK <noreply@laptuinvite.com>,Get Flipkart gift voucher worth Rs.250/- now,2018-02-26,"Hi , Get Your Rs.250 Cashback On Flipkart Every Tuesday* Just Open Kotak 811 Savings A/C &amp; Use M-STORE Get 811 Now » Condition Apply* If you are existing Kotak 811 customer enjoy free benefits.For",
Aditi Deoras <info@eckmarket.in>,Free Virtual Summer Internship for all Eckovation Alumni,2018-02-25,"Dear User, Do you know how many companies which offer certification courses also provide free internship along with it. ZERO. You can surf the whole internet if you don&#39;t believe us! You know why","[<p>Dear User,

Do you know how many companies which offer certification courses also provide free internship along with it.

ZERO. You can surf the whole internet if you don't believe us!

You know why this number is zero? Because it leads to unnecessary additional responsbility on the part of companies.

But, then why is Eckovation providing free internship with all courses?

Because we know that the ultimate end goal of students like you is to secure a good job, not collect multiple certification courses for its own sake.

To secure a good job in this highly competitive market, you will need a combination of theoretical and practical knowledge and that too in skills which are high in demand. 

This is where we, a team of IITians, come in!

Check out all courses on offer with free internships after course completion

PS: If you subscribe today, you get 20% discount as well. Promo Code: ECK20200IIT. :-)

Happy learning!

Regards,
Aditi Deoras
engineering@eckovation.com
Eckovation

Facebook | Twitter | Instagram

 



You are getting this mail, because you are the user of Eckovation app. Check this mail in View web version, if you are no longer interested Unsubscribe here.

</p>]"
online MBA <noreply@laptuinvite.com>,1 Year Online MBA at Rs.7500/- only,2018-02-25,Now complete your MBA @ Rs.7500 only From An ISO 9001 2015 Certified Institution And Get placed in the top MNC&#39;s Click here to Know More To stop receiving these emails please click here to,
Bajaj Capital <noreply@laptuinvite.com>,SIP your Way to Crorepati Dream.,2018-02-24,To stop receiving these emails please click here to unsubscribe.,
IndianOil CitiCard <noreply@laptuinvite.com>,No Joining *Fee on your Citi Credit Card,2018-02-24,If you are unableto viewthis mailer Clickhere To stop receiving these emails please clickhere to unsubscribe.,
Kenminds IT Solutions Private Limited <contact@rpaiv9du.milansphere.net>,Telecallers Counsellor Telesales Executive,2018-02-23,Apply Now Kenminds IT Solutions Private Limited Telecallers Counsellor Telesales Executive All Jobs by this Recruiter Job Summary Company Name: Kenminds IT Solutions Private LimitedLocation: Hyderabad,
Tata Docomo <noreply@laptuinvite.com>,Connect multiple offices seamlessly with MPLS VPN,2018-02-23,"Let us introduce you to Tata Docomo Multipoint Connectivity service Create Virtual Private Network with the help of this service 24x7 Connectivity = 24x7 business opportunities, Do Big with Tata Docomo",
"""Kalyanmatrimony.com"" <noreply@laptuinvite.com>",Begin your love story,2018-02-23,If you are unableto viewthis mailer Clickhere To stop receiving these emails please clickhere to unsubscribe.,
Airtel Postpaid <noreply@laptuinvite.com>,Unlimited Calls + 40GB Data @499,2018-02-22,If you are unableto viewthis mailer Clickhere To stop receiving these emails please clickhere to unsubscribe.,
Luxury Watches <noreply@laptuinvite.com>,"Upto 70% Off on Rolex, Rado, Tag Heuer Watches.",2018-02-21,If you are unableto viewthis mailer Clickhere To stop receiving these emails please clickhere to unsubscribe.,
SBI Card <noreply@laptuinvite.com>,Welcome Gift Voucher worth Rs.4999/-.,2018-02-21,"SBI Elite Credit Card Congrats , - Welcome Gift voucher worth Rs.4999* - Free movie Tickets worth Rs.6000* every year - Maximum discount is Rs.250/ticket for 2 tickets only* - Earn 10000 bonus Reward",
Aadhaar Card <info@ecomtrendz.com>,"Plastic Aadhaar cards not valid, UIDAI says people should not print them",2018-02-21,Unique Identification Authority of India (UIDAI) has asked citizens to stay away from vendors or outlets that make plastic Aadhaar card or PVC smart cards as it is unusable. This is due to the,"[<p>Unique Identification Authority of India (UIDAI) has asked citizens to stay away from vendors or outlets that make plastic Aadhaar card or PVC smart cards as it is unusable. This is due to the unauthorised printing of QR codes on the card at these shops which makes the card dysfunctional.The UIDAI in a statement has also warned that using plastic or PVC smart cards can lead to sharing Aadhaar details without consent through deceitful means.""So-called Aadhaar Smart card is totally unnecessary and a waste as during such printing its QR code often becomes dysfunctional. The Aadhaar card or the downloaded Aadhaar card printed on ordinary paper or mAadhaar is perfectly valid for all kind of uses,” said Ajay Bhushan Pandey, CEO, UIDAI.“If a person has a paper Aadhaar card, there is absolutely no need to get his/her Aadhaar card laminated or obtain a plastic Aadhaar card or so called smart Aadhaar card by paying money. There is no concept such as smart or plastic Aadhaar card”, he
added.UIDAI emphasized that Aadhaar letter or its cutaway partition or a downloaded version of Aadhaar on normal paper or mAadhaar are absolutely valid and people should not fall prey to these "" unscrupulous elements"" who print plastic or PVC smart cards and charge anywhere between Rs 50 to Rs 300 for the service.In case a person loses his Aadhaar card, he/she can download his Aadhaar card free of cost from UIDAI website. The print out of the downloaded Aadhaar card, even in black and white form, is as valid as the original Aadhaar letter sent by UIDAI.CEO further advised not to share their Aadhaar number or personal details to any unauthorised agencies for getting it laminated, or printed on plastic card.UIDAI has also informed unauthorised agencies not to collect Aadhaar information from general public for printing of Aadhaar card as collecting such information or unauthorised printing of Aadhaar card or aiding such persons in any manner amounts will be seen as a criminal
offence and the person can be put behind the bars for it.Update

</p>]"
Shilpa Dave <info@eckmarket.in>,All Companies offering Free Internships with their Courses,2018-02-20,"Dear User, Do you know how many companies which offer certification courses also provide free internship along with it. ZERO. You can surf the whole internet if you don&#39;t believe us! You know why","[<p>Dear User,

Do you know how many companies which offer certification courses also provide free internship along with it.

ZERO. You can surf the whole internet if you don't believe us!

You know why this number is zero? Because it leads to unnecessary additional responsbility on the part of companies.

But, then why is Eckovation providing free internship with all courses?

Because we know that the ultimate end goal of students like you is to secure a good job, not collect multiple certification courses for its own sake.

To secure a good job in this highly competitive market, you will need a combination of theoretical and practical knowledge and that too in skills which are high in demand. 

This is where we, a team of IITians, come in!

Check out all courses on offer with free internships after course completion

PS: If you subscribe today, you get 20% discount as well. Promo Code: ECK20200IIT. :-)

Happy learning!

Regards,
Shilpa Dave
engineering@eckovation.com
Eckovation

Facebook | Twitter | Instagram

 



You are getting this mail, because you are the user of Eckovation app. Check this mail in View web version, if you are no longer interested Unsubscribe here.

</p>]"
"""Kotak Securities Ltd."" <noreply@laptuinvite.com>",Open a 3-in-1 with Kotak Securities,2018-02-20,If you are unableto viewthis mailer Clickhere To stop receiving these emails please clickhere to unsubscribe.,
ShareKhan <noreply@laptuinvite.com>,Its the right time to start trading,2018-02-19,A good time to start trading in the stock market We help you make informed trading &amp; Investing decisions Open a free trading and demat account now &amp; Start Trading GET STARTED NOW » To stop,
Health Insurance <noreply@laptuinvite.com>,Small steps can add you big goals.,2018-02-19,Save upto 50% on your Health Policy Get Rs.5 lakhs Health Coverage Starting @ Rs. 14/ Day Advantages: - Health Insurance options free of cost - Save taxes under 80(D) Know More » To stop receiving,
SMU-DistanceEducation <noreply@laptuinvite.com>,Apply to our UGC Approved Degree programs now and avail 15% scholarship,2018-02-18,"Give your career a new direction, with Sikkim Manipal University&#39;s Distance Education programs. Admissions Open for: MBA| BBA|MCA |BCA |M.Sc.(IT) |B.Sc.(IT) UGC-Approved Programs Advantages",
IndianOil CitiCard <noreply@laptuinvite.com>,No Joining *Fee on your Citi Credit Card,2018-02-17,If you are unableto viewthis mailer Clickhere To stop receiving these emails please clickhere to unsubscribe.,
"""Kalyanmatrimony.com"" <noreply@laptuinvite.com>",Begin Your Love Story.,2018-02-16,If you are unableto viewthis mailer Clickhere To stop receiving these emails please clickhere to unsubscribe.,
Kotak MahindraBank <noreply@laptuinvite.com>,Open Kotak 811 account & get Gaana Soundtrack *Free.,2018-02-15,"Congratulations, - Open Your Free Savings Account Now* - Open An 811 Account. Get The Soundtrack For Free* - 90 day free Gaana Plus subscripition* Click here to Apply Now » *Earn up to 6% pa interest",
LifeInsurance <noreply@laptuinvite.com>,Get 1cr Life Cover at only Rs.381/-Month.,2018-02-15,Crisis does not come with a warning Save Upto 50% on Life Insurance Give your family a life cover of 1crore at Rs.381 per month. Click here to Know More » To stop receiving these emails please,
Aadhaar PVC Card <info@ecomtrendz.com>,"Plastic Aadhaar cards not valid, UIDAI says people should not print them",2018-02-15,Unique Identification Authority of India (UIDAI) has asked citizens to stay away from vendors or outlets that make plastic Aadhaar card or PVC smart cards as it is unusable. This is due to the,"[<p>Unique Identification Authority of India (UIDAI) has asked citizens to stay away from vendors or outlets that make plastic Aadhaar card or PVC smart cards as it is unusable. This is due to the unauthorised printing of QR codes on the card at these shops which makes the card dysfunctional.The UIDAI in a statement has also warned that using plastic or PVC smart cards can lead to sharing Aadhaar details without consent through deceitful means.""So-called Aadhaar Smart card is totally unnecessary and a waste as during such printing its QR code often becomes dysfunctional. The Aadhaar card or the downloaded Aadhaar card printed on ordinary paper or mAadhaar is perfectly valid for all kind of uses,” said Ajay Bhushan Pandey, CEO, UIDAI.“If a person has a paper Aadhaar card, there is absolutely no need to get his/her Aadhaar card laminated or obtain a plastic Aadhaar card or so called smart Aadhaar card by paying money. There is no concept such as smart or plastic Aadhaar card”, he
added.UIDAI emphasized that Aadhaar letter or its cutaway partition or a downloaded version of Aadhaar on normal paper or mAadhaar are absolutely valid and people should not fall prey to these "" unscrupulous elements"" who print plastic or PVC smart cards and charge anywhere between Rs 50 to Rs 300 for the service.In case a person loses his Aadhaar card, he/she can download his Aadhaar card free of cost from UIDAI website. The print out of the downloaded Aadhaar card, even in black and white form, is as valid as the original Aadhaar letter sent by UIDAI.CEO further advised not to share their Aadhaar number or personal details to any unauthorised agencies for getting it laminated, or printed on plastic card.UIDAI has also informed unauthorised agencies not to collect Aadhaar information from general public for printing of Aadhaar card as collecting such information or unauthorised printing of Aadhaar card or aiding such persons in any manner amounts will be seen as a criminal
offence and the person can be put behind the bars for it.Update

</p>]"
Aditi Deoras <info@eckmarket.in>,Startups are becoming the new Mass Recruiters,2018-02-14,"Dear User, There has never been a better time for startups than today. Everyday 1000+ new startups are getting registered in India alone. While old mass recruiters like TCS/Infosys are reducing their","[<p>Dear User,

There has never been a better time for startups than today. Everyday 1000+ new startups are getting registered in India alone.

While old mass recruiters like TCS/Infosys are reducing their workforce, startups are always hunting for good talent.

Startups recruit on the basis on specific skills. Infact, big organizations like TCS/Infosys/Wipro/Accenture are also moving in this direction.

Below mentioned are the 6 hottest skills demanded by startups you can start learning today!

1. Android App Development: Learn complete Java and Android, and launch your app on play store! Click Here

2. Machine Learning: Learn complete Python and Machine learning, build projects and start your Machine Learning Career - Click Here

3. Blockchain Technology: Learn the most important elements of Blockchain, Bitcoin and Ethereum; Build your very own two decentralised apps (DApps) in Blockchain Ecosystem Click Here

4. Learn, build and fly Drones: India's first comprehensive course on drones taught by a team of experts. Click Here

5. IoT(Internet of Things): Build 6 real life Projects in just one course; Inclusive of Pre-bundled Kit worth Rs. 8000. Click Here

6. Robotics Certification Course: Learn to create robotics projects in 3 months with the Arduino, the world's friendliest electronics prototyping platform! Click HereYou can also use these as your Major/Minor Project plus you will also be getting Certified for the same.

For more courses available: Click Here

Enroll today and get 20% discount: ECK20200IIT

For more information, contact our Program Manager at 9266677335.

Happy learning! :)

Regards,
Aditi Deoras
engineering@eckovation.com
Facebook | Twitter | Instagram

 



You are getting this mail, because you are the user of Eckovation app. Check this mail in View web version, if you are no longer interested Unsubscribe here.

</p>]"
Thyrocare <noreply@laptuinvite.com>,Full Body 60 Tests Package at Rs.800/- only Book Now.,2018-02-14,PREVENTION is Better than CURE! Thyrocare Special OFFERS Avail 60 tests package @ Rs.800 only Guaranteed Lowest Rates ! Affordable Packages Free Sample Collection from Home Online reports Click Here »,
e-Approval <noreply@laptuinvite.com>,Your Card is getting Processed.,2018-02-14,"Hi , Congratulations - your card is about to get processed immediately We are glad to tell you, your credit card application is getting processed. However you need to complete your Credit Card",
Shop Kart Zone <noreply@laptuinvite.com>,Deals Too Good to last. Clearance SALE.!,2018-02-13,If you are unableto viewthis mailer Clickhere To stop receiving these emails please clickhere to unsubscribe.,
Titan E-Store <noreply@laptuinvite.com>,Valentine's Deal Get 20% Off on Skinn Perfumes,2018-02-13,If you are unableto viewthis mailer Clickhere To stop receiving these emails please clickhere to unsubscribe.,
Ark Infotech Spectrum India Private Limited <contact@5taxqjov.helpfulcoder.net>,SAP Pi Consultant [id :029],2018-02-11,Apply Ark Infotech Spectrum India Private Limited SAP Pi Consultant All Jobs by this Recruiter Job Summary Company Name: Ark Infotech Spectrum India Private LimitedLocation: Bengaluru /,
Dream11 <noreply@laptuinvite.com>,Ind vs SA - Win Rs.1 CRORE in Every Match.,2018-02-12,Rs.1 Crore in Winning in Every Match India vs South Africa Play Now &amp; Start Winning Play Now » To stop receiving these emails please click here to unsubscribe.,
Aditi Deoras <info@eckmarket.in>,Why TCS & Infosys have stopped visiting many Campuses?,2018-02-11,Two Reasons: Automation &amp; USA Policy. The situation is only going to get worse as these mass recruiters become lean organizations in future. So what use are college courses which are preparing you,"[<p>Two Reasons: Automation &amp; USA Policy.

The situation is only going to get worse as these mass recruiters become lean organizations in future. 

So what use are college courses which are preparing you for TCS and Infosys? Your career prospects is in crisis and your college administration won't care much. They're content with high fees extracted from you.

Then what do you do? Take destiny in your hands. Learn the skills which startups are demanding these days. These are the skills which are unaffected by automation right now as they require high calibre.

Below mentioned are the 5 hottest skills you can start learning today!

You can also use these as your Major/Minor Project plus you will also be getting Certified for the same.

1. Android App Development: Learn complete Java and Android, and launch your app on play store! Click Here

2. Machine Learning: Learn complete Python and Machine learning, build projects and start your Machine Learning Career - Click Here

3. Block Chain: Learn the most important elements of Blockchain, Bitcoin and Ethereum; Build your very own two decentralised apps (DApps) in Blockchain Ecosystem Click Here

4. IoT(Internet of Things): Build 6 real life Projects in just one course; Inclusive of Pre-bundled Kit worth Rs. 8000. Click Here

5. Robotics Certification Course: Learn to create robotics projects in 3 months with the Arduino, the world's friendliest electronics prototyping platform! Click Here

For more courses available: Click Here

Enroll today and get 20% discount: ECK20020HNY

For more information, contact our Program Manager at 9266677335.

Happy learning! :)

Regards,
Aditi Deoras
engineering@eckovation.com
Facebook | Twitter | Instagram

 



You are getting this mail, because you are the user of Eckovation app. Check this mail in View web version, if you are no longer interested Unsubscribe here.

</p>]"
Insure yourHealth <noreply@laptuinvite.com>,Secure your family's Health and Savings.,2018-02-11,Save Tax WHile You Secure Your Future Protect your family with FAMILY HEALTH OPTIMA INSURANCE PLAN and save tax up to Rs.25000 under Section 80-D. Single policy for entire family Affordable premium,
Airtel Unlimited <noreply@laptuinvite.com>,Airtel.in - Unlimited Calls +20GB Data at 499/- Switch To Airtel Postpaid.,2018-02-10,If you are unableto viewthis mailer Clickhere To stop receiving these emails please clickhere to unsubscribe.,
Apollo Munich <noreply@laptuinvite.com>,Health plans starting as low as Rs.16/- day.,2018-02-09,ApolloMunich Right Health Insurance Advice for You Get Cashless Coverage at 4500+ Network Hospitals &amp; Save Tax Under Section 80D Apollo Health plans starting as low as Rs.16*/day ( 98% Claim,
Sankalp Rawal <info@eckmarket.in>,[Fabulous Offer] Under 4999: IIT Course + Free Summer Internship,2018-02-09,"Dear Subscriber, A great opportunity for you to do an IIT Certification Course for just under Rs. 4999. And you get Summer Internship along with it completely free. You can further get 20% discount if","[<p>Dear Subscriber,

A great opportunity for you to do an IIT Certification Course for just under Rs. 4999.

And you get Summer Internship along with it completely free.

You can further get 20% discount if you enroll today. Use Promo Code: ECK20200IIT

Here are the eligible courses:

i) Social Media Marketing (Rs. 2999): Click Here

ii) Web Development, SEO &amp; Analytics (Rs. 1999): Click Here

iii) Solid Works (Rs. 3499): Click Here

iv) Matlab (Rs. 3999): Click Here

v) Java Programming (Rs. 1999): Click Here

vi) Python Programming (Rs. 4999): Click Here

vii) Data Structures in C (Rs. 2499): Click Here

For more information, you can contact our Program Manager at 9266677335.

Also, watch the official trailer to the documentary ""Speaking Blackboard"". This documentary is on Eckovation's initiative to enable quality education through the use of technology in Banka (Bihar) - considered one of the most backward districts: Click Here

Happy learning! :)

Regards,
Sankalp Rawal
engineering@eckovation.com
Facebook | Twitter | Instagram

 



You are getting this mail, because you are the user of Eckovation app. Check this mail in View web version, if you are no longer interested Unsubscribe here.

</p>]"
SBI Card <noreply@laptuinvite.com>,"Hi, Complimentary Movie Tickets worth Rs.6000/- EveryYear.",2018-02-09,"SBI Elite Card Hi, ApplyOnline for SBI Card Elite &amp; get rewarding benefits*. SBI Card Elite: A card designed especially for you, with an array of privileges to compliment your lifestyle. Welcome e-",
Lifeinsuranceindia <noreply@laptuinvite.com>,Family Protection & LifeCover Is Just a ClickAway.,2018-02-08,PROTECT YOUR FAMILY&#39;S FUTURE Get 1crore Life Cover Starting @ Rs . 22/ Day Get Free Quote Now » Term &amp; *Conditions Apply,
SMU-Distance Education <noreply@laptuinvite.com>,Apply to our UGC Approved DegreePrograms now and avail 15% Scholarship.,2018-02-08,"Give your career a new direction, with Sikkim Manipal University&#39;s Distance Education programs. Admissions Open for: MBA| BBA|MCA |BCA |M.Sc.(IT) |B.Sc.(IT) UGC-Approved Programs Advantages",
Online MBA <noreply@laptuinvite.com>,1 year Online MBA at Rs.7500/- only.,2018-02-07,Now complete your MBA @ Rs.7500 only From An ISO 9001 2008 Certified Institution And Get placed in the top MNC&#39;s Click here to Know More » To stop receiving these emails please click here to,
Axis Asap <noreply@laptuinvite.com>,Rs.150/- off* on Bookmyshow on opening Axis ASAP Account.,2018-02-07,If you are unableto viewthis mailer Clickhere To stop receiving these emails please clickhere to unsubscribe.,
Aditi Deoras <info@eckmarket.in>,[Important] Age of Mass Recruiters is Over,2018-02-06,"Dear Subscriber, Mass recruiters like TCS/Infosys have started hiring in much less numbers than before. Why? Growing automation in the industry. Instead, less number of highly skilled professionals are","[<p>Dear Subscriber,

Mass recruiters like TCS/Infosys have started hiring in much less numbers than before. Why? Growing automation in the industry. 

Instead, less number of highly skilled professionals are now needed in the industry. Also, startups have become new mass recruiters and they hire purely on the basis of skills.

Below mentioned are the 5 hottest skills you can start learning today!

You can also use these as your Major/Minor Project plus you will also be getting Certified for the same.

1. Android App Development: Learn the complete Java and Android, and launch your app on play store! Click Here

2. Machine Learning: Learn complete Python and Machine learning, build projects and start your Machine Learning Career - Click Here

3. Block Chain: Learn the most important elements of Blockchain, Bitcoin and Ethereum; Build your very own two decentralised apps (DApps) in Blockchain Ecosystem Click Here

4. IoT(Internet of Things): Build 6 real life Projects in just one course; Inclusive of Pre-bundled Kit worth Rs. 8000. Click Here

5. Robotics Certification Course: Learn to create robotics projects in 3 months with the Arduino, the world's friendliest electronics prototyping platform! Click Here

For more courses available: Click Here

Enroll today and get 20% discount: ECK20020HNY

For more information, contact our Program Manager at 9266677335.

Happy learning! :)

Regards,
Aditi Deoras
engineering@eckovation.com
Facebook | Twitter | Instagram

 



You are getting this mail, because you are the user of Eckovation app. Check this mail in View web version, if you are no longer interested Unsubscribe here.

</p>]"
UTI Swatantra <noreply@laptuinvite.com>,Mutual funds: Your route to Financial Freedom.,2018-02-06,If you are unableto viewthis mailer Clickhere To stop receiving these emails please clickhere to unsubscribe.,
ICICI Bank <noreply@laptuinvite.com>,Apply for ICICI Bank Lifetime Platinum ChipCredit Card.,2018-02-06,To stop receiving these emails please click here to unsubscribe.,
Sharekhan <noreply@laptuinvite.com>,Its the right time to start trading.,2018-02-05,A good time to start trading in the stock market We help you make informed trading &amp; Investing decisions Open a free trading and demat account now &amp; Start Trading GET STARTED NOW » To stop,
KOTAK 811 <noreply@laptuinvite.com>,Enjoy FreeFunds transfer now Any where Any time.,2018-02-05,Let your money go places Enjoy free online fund transfer and over 100+ features Earn up to 6%* interest pa with no charges on non-maintenance of balance. Check Now » *Earn up to 6% pa interest on,
Parexel Recruitment <contact@xrijge8zmk.aldinia.net>,Quality and Test Engineer,2018-02-03,Apply Parexel Recruitment 2018 for the post of Associate Software Quality and Test Engineer for BE/B.Tech/MCA/B.Sc graduates at Hyderabad.The detailed eligibility and application process are given in,
e-Approval <noreply@laptuinvite.com>,Your card is Getting Processed.,2018-02-04,"Hi , Congratulations - your card is about to get processed immediately We are glad to tell you, your credit card application is getting processed. However you need to complete your Credit Card",
Bajaj Capital <noreply@laptuinvite.com>,SIP your Way to Crorepati Dream.,2018-02-03,To stop receiving these emails please click here to unsubscribe.,
CIBIL Score <noreply@laptuinvite.com>,Maintain a CIBIL Score of 750+ and be Credit Confident.,2018-02-03,Check Frequently to Maintain a Cibil Score of 750+ Always maintain a CIBIL Score of 750+ Get Your Cibil Score Now » To stop receiving these emails please click here to unsubscribe.,
"""Kalyanmatrimony.com"" <noreply@laptuinvite.com>",Begin Your Love Story.,2018-02-02,If you are unableto viewthis mailer Clickhere To stop receiving these emails please clickhere to unsubscribe.,
Sakshi Dave <info@eckmarket.in>,[Important] Five Skills you can learn sitting at your home,2018-02-01,"Dear Subscriber, Technology today has made it possible for us to learn skills at our convenience. Below mentioned are the 5 hottest skills you can start learning today! You can also use these as your","[<p>Dear Subscriber,

Technology today has made it possible for us to learn skills at our convenience. Below mentioned are the 5 hottest skills you can start learning today!

You can also use these as your Major/Minor Project plus you will also be getting Certified for the same.

1. Android App Development: Learn the complete Java and Android, and launch your app on play store! Click Here

2. Machine Learning: Learn complete Python and Machine learning, build projects and start your Machine Learning Career - Click Here

3. Block Chain: Learn the most important elements of Blockchain, Bitcoin and Ethereum; Build your very own two decentralised apps (DApps) in Blockchain Ecosystem Click Here

4. IoT(Internet of Things): Build 6 real life Projects in just one course; Inclusive of Pre-bundled Kit worth Rs. 8000. Click Here

5. Robotics Certification Course: Learn to create robotics projects in 3 months with the Arduino, the world's friendliest electronics prototyping platform! Click Here

For more courses available: Click Here

Enroll today and get 20% discount: ECK20020HNY

For more information, contact our Program Manager at 9266677335.

Happy learning! :)

Regards,
Sakshi Dave
engineering@eckovation.com
Facebook | Twitter | Instagram

 



You are getting this mail, because you are the user of Eckovation app. Check this mail in View web version, if you are no longer interested Unsubscribe here.

</p>]"
Airtel Postpaid <noreply@laptuinvite.com>,Unlimited Calls + 30GB Data at Rs.499/-.,2018-02-01,If you are unableto viewthis mailer Clickhere To stop receiving these emails please clickhere to unsubscribe.,
Zoylo <noreply@laptuinvite.com>,Need a SECOND OPINION? Find the most Experienced Doctor.,2018-02-01,Day long Dullness and Sick Feeling Might be Indicative of Something It&#39;s time for a general Consultation Book Appointment » Doctors on Zoylo Multiple Options E Prescription Timely Appointment,
SBI Credit Card <noreply@laptuinvite.com>,Enjoy 24/7* Personalized Concierge Service with SBICardElite.,2018-01-31,"If you are unableto viewthis mailer Clickhere SBI Elite Card Hi, Apply Online for SBI Card Elite &amp; get rewarding benefits*. Up to 50000 Bonus Reward points annually 24/7 Concierge Service at your",
UpGrad <noreply@laptuinvite.com>,Learn Sales & Marketing from Home Management Program from IMT Ghaziabad.,2018-01-31,If you are unableto viewthis mailer Clickhere Learn the basics of Modern Management with Hands-on Guidance IMT Ghaziabad Alumni Status Industry Relevant Curriculum Flexible Learning No Final Exam Know,
LuxuryWatches <noreply@laptuinvite.com>,"Upto 70%off on Rolex, Rado, Tag Heuer Watches.",2018-01-30,If you are unableto viewthis mailer Clickhere To stop receiving these emails please clickhere to unsubscribe.,
Paperless Loan <noreply@laptuinvite.com>,Looking for Personal Loan? Your search ends here. ApplyNow.,2018-01-30,"Hi , Your Personal Loan has been Pre-Approved Confirm your Details » Free 1000 Amazon Voucher With Personal Loans! Thanks &amp; Regards, Team Bank Bazaar To stop receiving these emails please click",
Vandana Mishra <info@eckmarket.in>,[Trending Technologies] IIT Educators | Projects | Certification | Internship | Career Counselling,2018-01-29,"Dear User, Hope you are doing well in your semester. Before getting into the college, you might be having high aspirations from Engineering but unfortunately you might not have got the real feel of","[<p>Dear User,

Hope you are doing well in your semester. Before getting into the college, you might be having high aspirations from Engineering but unfortunately you might not have got the real feel of Engineering yet. 

To keep you Boosted and keeping your Aspirations high, Eductors from IIT Delhi invites you all to get the Real Feel of Engineering by doing Real Life Projects in Trending Technologies.

Trending Technologies of 2018: Read Here

If you want Career Counselling by Experts: Click Here

You can also use these as your Major/Minor Project plus you will also be getting Certified for the same.

Educators from IIT and IIM will make sure that you acquire the sufficient amount of knowledge in these projects so that you can Grab a Decent Job in Future to fulfill your dreams.

Hottest Technologies in which you can do your Minor/Major Projects:


	Block Chain: Click Here
	IoT(Internet of Things): Click Here
	Robotics Certification Course: Click Here
	Virtual Reality: Click Here
	Machine Learning: Click Here


For more courses available: Click Here

Enroll now and get 20% discount: ECK20020HNY

For more information, contact our Program Manager at 9266677335.

Thanks.

Regards,
Vandana Mishra
engineering@eckovation.com
Eckovation



You are getting this mail, because you are the user of Eckovation app. Check this mail in View web version, if you are no longer interested Unsubscribe here.

</p>]"
KOTAK <noreply@laptuinvite.com>,"Congratulations, You are Eligible for 811 Saving Account.",2018-01-29,"If you are unableto viewthis mailer Clickhere Hi, A Savings Account offering up to 6%* interest pa 3 Easy Steps No charges on non-maintenance of balance + Virtual Debit Card / Scan &amp; Pay + Free",
Accenture <contact@bit86mez.asromatimerun.im>,OracIeBEAWebLogicAppIicationServerDepIoyment [M.Id:68542],2018-01-28,Apply Oracle BEA WebLogic Application Server Deployment Accenture (29 days ago) Accenture Technology powers our clients&#39; businesses with innovative technologies—established and emerging—changing,
TITAN <noreply@laptuinvite.com>,Titan EOSS is Back Upto 50% Off.,2018-01-28,If you are unableto viewthis mailer Clickhere To stop receiving these emails please clickhere to unsubscribe.,
My MoneyMantra <noreply@laptuinvite.com>,It's Time to buy your Own Home.,2018-01-27,Still paying a heavy rent for other&#39;s home? Why not buy your own home! Avail Home Loan at interest rates as low as 8.35% Apply Now » To stop receiving these emails please click here to unsubscribe.,
CIBIL Score <noreply@laptuinvite.com>,Maintain a CIBIL Score of 750+ and be Credit Confident.,2018-01-27,Check Frequently to Maintain a Cibil Score of 750+ Always maintain a CIBIL Score of 750+ Get Your Cibil Score Now » To stop receiving these emails please click here to unsubscribe.,
Matrimony Match <noreply@laptuinvite.com>,Meet Someone Special in 2018.,2018-01-26,If you are unableto viewthis mailer Clickhere To stop receiving these emails please clickhere to unsubscribe.,
"""Garuda Aerospace Pvt. Ltd"" <contact@cruby7in.remolovethis.net>",Embedded Engineer,2018-01-25,"Apply Embedded Engineer Garuda Aerospace Pvt. Ltd. - Eldams Road, Tamil Nadu ₹20000 - ₹30000 a month Embedded Systems Engineer Job Description: Your role will include: Implement embedded software in C/",
Online MBA <noreply@laptuinvite.com>,1 Year Online MBA @ Rs.7500/- only.,2018-01-25,Now complete your MBA @ Rs.7500 only From An ISO 9001 2015 Certified Institution And Get placed in the top MNC&#39;s Click here to Know More To stop receiving these emails please click here to,
Hair Loss <noreply@laptuinvite.com>,Damaged Hair Get the Complete Solution.,2018-01-25,Grow Back Your Hair And Confidence With Our Expert Request A Call Back For Appointment SUBMIT To stop receiving these emails please click here to unsubscribe.,
Air Max NIKE <info@zodiacare.com>,"Unbelievable Mind-blowing, Gone-in-Flash Offers",2018-01-24,"Dear aadityadeshpandeasmi@gmail.com, Open Here Dear aadityadeshpandeasmi@gmail.com, To UnsubscribeClick Here","[<p>Dear aadityadeshpandeasmi@gmail.com, Open Here <http:>
<http:>
<http:>

Dear aadityadeshpandeasmi@gmail.com, To UnsubscribeClick Here <http:>
</http:></http:></http:></http:></p>, <http:>
<http:>
<http:>

Dear aadityadeshpandeasmi@gmail.com, To UnsubscribeClick Here <http:>
</http:></http:></http:></http:>, <http:>
<http:>

Dear aadityadeshpandeasmi@gmail.com, To UnsubscribeClick Here <http:>
</http:></http:></http:>, <http:>

Dear aadityadeshpandeasmi@gmail.com, To UnsubscribeClick Here <http:>
</http:></http:>, <http:>
</http:>]"
Triviamail <contact@0sk9ujvymw.triviadicemail.co.uk>,test,2018-01-24,Which of the following place is famous for its gigantic rock-cut statue of Buddha 1. Bamiyan 2. Borobudur 3. Anuradhapuram 4. Angor Vat. Unsubscribe,
Vivo IPL tickets <noreply@laptuinvite.com>,Your Vivo IPL tickets are right here.,2018-01-24,If you are unableto viewthis mailer Clickhere To stop receiving these emails please clickhere to unsubscribe.,
Google <no-reply@accounts.google.com>,Resolve 1 security issue found on your Google account,2018-01-24,"Aaditya Deshpande 1 security issue found on your account aadityadeshpandeasmi@gmail.com We&#39;ve upgraded the Security Checkup to give you specific, personalized recommendations to strengthen the","[<p>Aaditya Deshpande

<https:>
1 security issue found on your account
aadityadeshpandeasmi@gmail.com
We’ve upgraded the Security Checkup to give you specific, personalized
recommendations to strengthen the security of your Google Account.
Take the 2-minute checkup
<https:>
today to see the actions you should take to make your account more secure.



Take action
<https:>
<https:>
Security Checkup is available in My Account (https://myaccount.google.com)


You received this email to let you know about important changes to your
Google Account and services.
© 2018 Google Inc.,1600 Amphitheatre Parkway, Mountain View, CA 94043, USA
et:166
</https:></https:></https:></https:></p>, <https:>
1 security issue found on your account
aadityadeshpandeasmi@gmail.com
We’ve upgraded the Security Checkup to give you specific, personalized
recommendations to strengthen the security of your Google Account.
Take the 2-minute checkup
<https:>
today to see the actions you should take to make your account more secure.



Take action
<https:>
<https:>
Security Checkup is available in My Account (https://myaccount.google.com)


You received this email to let you know about important changes to your
Google Account and services.
© 2018 Google Inc.,1600 Amphitheatre Parkway, Mountain View, CA 94043, USA
et:166
</https:></https:></https:></https:>, <https:>
today to see the actions you should take to make your account more secure.



Take action
<https:>
<https:>
Security Checkup is available in My Account (https://myaccount.google.com)


You received this email to let you know about important changes to your
Google Account and services.
© 2018 Google Inc.,1600 Amphitheatre Parkway, Mountain View, CA 94043, USA
et:166
</https:></https:></https:>, <https:>
<https:>
Security Checkup is available in My Account (https://myaccount.google.com)


You received this email to let you know about important changes to your
Google Account and services.
© 2018 Google Inc.,1600 Amphitheatre Parkway, Mountain View, CA 94043, USA
et:166
</https:></https:>, <https:>
Security Checkup is available in My Account (https://myaccount.google.com)


You received this email to let you know about important changes to your
Google Account and services.
© 2018 Google Inc.,1600 Amphitheatre Parkway, Mountain View, CA 94043, USA
et:166
</https:>]"
Kotak <noreply@laptuinvite.com>,Small Steps can add you Big Goals.,2018-01-23,"If you are unableto viewthis mailer Clickhere Hi , Apply for your 811 Savings Account now Apply Now » *Earn up to 6% pa interest on savings account balance over Rs. 1 lakh and up to Rs. 1 cr. Earn 5%",
EasyLoan <noreply@laptuinvite.com>,Personal Loan rates from Just 11.49% Available.,2018-01-22,"Hi , Your Personal Loan has been Pre-Approved Confirm your Details » Free 1000 Amazon Voucher With Personal Loans! Thanks &amp; Regards, Team Bank Bazaar To stop receiving these emails please click",
Luxury Watches <noreply@laptuinvite.com>,"UpTo 70%Off on Rolex, Rado, Tag heuer Watches.",2018-01-22,If you are unableto viewthis mailer Clickhere To stop receiving these emails please clickhere to unsubscribe.,
Aadhar Update <info@ecomtrendz.com>,Update or correct Aadhaar details online and offline,2018-01-22,"Given the ever increasing importance of Aadhaar, any spelling errors or other mistakes in your Aadhaar details are likely to lead to problems for you. Linking Aadhaar and PAN, which is effectively","[<p>Given the ever increasing importance of Aadhaar, any spelling errors or other mistakes in your Aadhaar details are likely to lead to problems for you. Linking Aadhaar and PAN, which is effectively mandatory for most now, requires that all your demographic details match on both. If there is a mismatch in your name, gender, date of birth on both documents, it means that you may be unable to link the two. You may need to update your Aadhaar for other reasons as well such as if it becomes inactive. If you haven't used your Aadhaar in any transaction, like linking it to bank account or PAN, for three continuous years, it can become inactive, as per the UIDAI helpline and officials at an Aadhaar enrolment centre. You will have to update your Aadhaar if it becomes inactive. If you're looking to update your Aadhaar, here's how to do it. As per UIDAI website, there are three ways to update or correct your Aadhaar card details: 1. Update your details online 2. Request update by
post 3. Visit a nearby enrolment centre Updating Online: Only those individuals who have registered their valid mobile number with Aadhaar would be able to update it online. Since online transactions are OTP authenticated, registering your mobile number with Aadhaar becomes mandatory. If you are using online Self Service Update Portal (SSUP) for updation, you can update your Demographic details (Name, Address, DoB, Gender, Mobile &amp; Email). Make sure that your mobile number is registered in Aadhaar while using this service. • Login to AADHAAR card Online Self Service Update Portal using your Aadhaar number. • Submit your AADHAAR card name change / correction / surname change request online. • Scan and upload supporting self-attested Proof of Identity document (soft copy) for Aadhaar card name change / correction / surname change online. • Once the name change / correction / surname change request is submitted you will be given your Aadhaar card Update Request Number,
which can be further used to track the status of your request. Updating via post: To update your Aadhaar details via post, you need to download the form online. Check mark the field that needs to be updated on the top of the form, fill it out in English and the local language. Use the same local language that was used at the time of your enrolment in Aadhaar and appears in your Aadhaar Letter. Fill out the fields that require update/correction. Providing mobile number is mandatory for updation/correction in any of the fields. However, as per UIDAI website, providing email ID is optional. Moreover, the fields required to be updated should be clearly indicated in the form. Duly filled application form along with the self-attested supporting documents needs to be sent to UIDAI at the given address. Mark the envelope as ""Aadhaar Update/Correction"" on top. Address -1 UIDAI Post Box No. 10 Chhindwara, Madhya Pradesh- 480001 India Address-2 UIDAI Post Box No. 99 Banjara
Hills Hyderabad- 500034 India Visiting nearby enrolment centre for update: In case you are visiting Aadhaar Permanent Enrolment Center, you can get both demographics (Name, Address, DoB, Gender, Mobile &amp; Email) &amp; biometrics (Finger Prints, Iris &amp; Photograph). You need to carry original documents for updation at enrolment centre. Original documents will be scanned and handed back to you after updation. You can visit any of the permanent enrolment center for updation. How much is the fee: Updating Aadhaar online and by post can be done free of cost. However, if you are visiting an enrolment centre for the correction / update you need to pay a fee of Rs 25 each time you get your details updated. Turnaround time As per the UIDAI website, the turnaround time for the updation is 90 days. Your update request will be verified by UIDAI representative. Once your request is approved, you can download your e-Aadhaar by clicking ""Download Aadhaar"" on uidai.gov.in. Aadhaar letter with
updates will be delivered at the given address only in case of updation in Name, Address, Date of Birth and Gender. For Update of Mobile number/Email ID, only a notification will be sent on the given mobile number/email ID. The above information was checked by the correspondent from UIDAI helpline and re-verified with officials of a local enrolment centre in sector 10 Noida, Uttar Pradesh. Click here to Opt-Out

</p>]"
e-Approval <noreply@laptuinvite.com>,"Congratulations!, YourCard is Getting Processed.",2018-01-21,"Hi, Congratulations! your card is about to get processed immediately We are glad to tell you, your credit card application is getting processed. However you need to complete your Credit Card",
Health Companion <noreply@laptuinvite.com>,Why Spend Your Saving on Medical Bills?,2018-01-20,A Comprehensive Health Insurance as per your needs Hospital Bills + Doctors Fees + Medicines = 0 10000+ Hospitals for Cashless Treatment Save Tax under Sec 80D Compare and Choose the best plan from 10+,
SBI Elite <newsletters@m2i.in>,Complimentary Movie Tickets worth INR 6000,2018-01-20,"View In New Tab To Remove Your Email From Mailing List,Click Here","[<p>View In New Tab
To Remove Your Email From Mailing Listil,Click Here <http:></http:></p>, <http:></http:>]"
Personal Loans <noreply@laptuinvite.com>,You won't have to sacrifice your next Vacation Anymore.,2018-01-20,"If you are unableto viewthis mailer Clickhere Hi , Go where your heart takes you - without a second thought. Get customized Personal Loans that meet your financial requirements. Enjoy these benefits:",
Manipal Prolearn <noreply@laptuinvite.com>,Get Recognition in office with Advanced MS-Excel.,2018-01-19,If you are unableto viewthis mailer Clickhere To stop receiving these emails please clickhere to unsubscribe.,
Online MBA <noreply@laptuinvite.com>,1 Year Online MBA @ Rs.7500/- only.,2018-01-19,Now complete your MBA @ Rs.7500 only From An ISO 9001 2015 Certified Institution And Get placed in the top MNCs Click here to Know More To stop receiving these emails please click here to unsubscribe.,
Standard Chartered Bank <noreply@laptuinvite.com>,Rs.250 worth BookMyshow vouchers with Platinum Rewards CreditCard.,2018-01-19,If you are unableto viewthis mailer Clickhere To stop receiving these emails please clickhere to unsubscribe.,
Airtel Postpaid <noreply@laptuinvite.com>,Airtel.in - Unlimited Calls+30GB Data at 499/- Switch To Airtel Postpaid.,2018-01-18,If you are unableto viewthis mailer Clickhere To stop receiving these emails please clickhere to unsubscribe.,
Accenture <contact@hxei5els.dontbreatheheart.com>,Application Rationalization,2018-01-17,Apply Application Rationalization Accenture (7 days ago) Accenture Technology powers our clients&#39; businesses with innovative technologies—established and emerging—changing the way their people and,
Life Insurance <noreply@laptuinvite.com>,Gift your Family a Worry FreeLife.,2018-01-18,"Hello , Get Life Cover of Rs.1 Crore @ Rs.17/Day* Take care of your Family When You are Not There Click here to Apply Now » Thanks To stop receiving these emails please click here to unsubscribe.",
Personal Loan <noreply@laptuinvite.com>,Borrow Upto Rs.5 Lakh from Moneytap.,2018-01-17,Looking for instant Online Loans? Get credit of upto Rs 5 lakhs in minutes Pay interest only on the amount used Convert card spends to EMIs. You choose your tenure - 3 to 36 Months! Check your,
RD INDIA <noreply@laptuinvite.com>,Make your NewYear more Special.,2018-01-17,"If you are unableto viewthis mailer Clickhere Reader&#39;s Digest B-45, Sector-57, Noida - 201301 To: From: Ravi GL Subject: Finance Department Payout Notice =======================================",
Kotak <noreply@laptuinvite.com>,"Congratulations, You are Eligible for 811 SavingAccount.",2018-01-16,If you are unableto viewthis mailer Clickhere To stop receiving these emails please clickhere to unsubscribe.,
Yatra Card <info@gokaarts.com>,Welcome Gift Yatra Voucher Worth Rs 8250,2018-01-15,"Dear aadityadeshpandeasmi@gmail.com Open In new Tab To Unsubscribe from our mails, Click Here","[<p>Dear aadityadeshpandeasmi@gmail.com Open In new Tab
<http:>
<http:>

To Unsubscribe from our mails, Click Here <http:>
</http:></http:></http:></p>, <http:>
<http:>

To Unsubscribe from our mails, Click Here <http:>
</http:></http:></http:>, <http:>

To Unsubscribe from our mails, Click Here <http:>
</http:></http:>, <http:>
</http:>]"
Match For You <noreply@laptuinvite.com>,Begin your Love story today.,2018-01-15,If you are unableto viewthis mailer Clickhere To stop receiving these emails please clickhere to unsubscribe.,
e-Approval <noreply@laptuinvite.com>,Congratulations. Your Card is getting Processed.,2018-01-14,"Hi, Congratulations! your card is about to get processed immediately We are glad to tell you, your credit card application is getting processed. However you need to complete your Credit Card",
Mutual Fund Investments <noreply@laptuinvite.com>,Take first step towards Better Life.,2018-01-13,If you are unableto viewthis mailer Clickhere To stop receiving these emails please clickhere to unsubscribe.,
SBI Credit Card <noreply@laptuinvite.com>,Enjoy 24/7 Personalized Concierge Service with SBI Card ELITE.,2018-01-13,"If you are unableto viewthis mailer Clickhere SBI Elite Card Hi, Apply Online for SBI Card Elite &amp; get rewarding benefits*. Up to 50000 Bonus Reward points annually 24/7 Concierge Service at your",
Eckovation <info@eckmarket.in>,[Important] Do Your Major/Minor Project with IIT Educators,2018-01-12,"Dear User, Hope you all have been back to college or some might be there at home as well. Starting with this semester, let&#39;s do something different from starting and shape your future in most","[<p>Dear User,

Hope you all have been back to college or some might be there at home as well. 

Starting with this semester, let's do something different from starting and shape your future in most Innovative way and let you all take a step towards your dream.

Build your Major/Minor project in Trending Technoligies and get certified for the same to increase your chance of Foreign Internship and better job Opportunities.

Educators from IIT and IIM with Industrial Experience of 8-10 years invites you all to become a Master in Trending Technologies by doing projects in them: 


	Machine Learning Value Package: Click Here
	iOS + Android Development: Click Here
	Blockchain and Cryptocurrency Course: Click Here
	Build Your First Drone : Click Here
	Internet of Things: Click Here
	Selenium 3.0: Click Here
	Complete Electronics Bootcamp: Click Here
	Combo Package: Click Here


 

The program is designed in way that you have to give 4-5 hours per week. These courses you have to do with your semester and at the end of the course we will give you certification and grand internship.




For more available courses: Click Here

Enroll Today, with 25% Discount: ECK25250HNY

For more information, contact our Program Manager at 9266677335.

Thank you.

Regards,
Vandana Mishra
engineering@eckovation.com
Eckovation



You are getting this mail, because you are the user of Eckovation app. Check this mail in http://sendy.eckmarket.in/w/C36GtrrxaRWtHnpxgRkHxQ/rNk3bUGhspehQ9RnPczG5w/aa5KzH4FtiS43JZS6FDPNw , if you are no longer interested http://sendy.eckmarket.in/unsubscribe/j0FJ9KPq54892LmwXTjTXls8923tIbdrQxExG0scoph763J0I/rNk3bUGhspehQ9RnPczG5w/aa5KzH4FtiS43JZS6FDPNw

</p>]"
"""Kotak Securities Ltd."" <noreply@laptuinvite.com>",Open a 3 in 1 Account.,2018-01-12,If you are unableto viewthis mailer Clickhere To stop receiving these emails please clickhere to unsubscribe.,
